"40 лет Победы ул"#"Северо-запад р-н"#2#13000#7#10#"телефон, интернет, лоджия, домофон, железная дверь, мебель, бытовая техника, автостоянка, парковка, лифт, детская площадка, близость остановки"#"8(951)443-78-12"#"61.300361 55.185024"
"Новороссийская ул, д. 130б"#"Ленинский р-н"#1#12000#3#10#"балкон, домофон, железная дверь, мебель, бытовая техника, автостоянка, парковка, лифт, детская площадка, близость остановки"#"8(951)470-17-42,8(922)230-01-04,8(351)700-02-54"#"61.427563 55.117932"
"Шаумяна ул, д. 91"#"Центральный р-н"#3#25000#1#5#"домофон, железная дверь, мебель, бытовая техника, автостоянка, парковка, детская площадка"#"8(905)833-76-53"#"61.396382 55.145210"
"250 лет Челябинску ул, д. 9"#"Северо-запад р-н"#1#10000#4#10#"интернет, балкон, железная дверь, мебель, бытовая техника, автостоянка, парковка, детская площадка, близость остановки"#"8(904)302-67-19"#"61.308743 55.181668"
"Комсомольский пр-кт, д. 34а"#"Северо-запад р-н"#2#12000#7#10#"интернет, домофон, железная дверь, мебель, бытовая техника, автостоянка, парковка, лифт, детская площадка, близость остановки"#"8(963)081-50-10"#"61.343876 55.196074"
"Энгельса ул, д. 95"#"Советский р-н"#1#12000#4#10#"интернет, железная дверь, мебель, бытовая техника, автостоянка, парковка, лифт"#"8(963)081-50-10"#"61.381048 55.152511"
"Ржевская ул, д. 37"#"Тракторозаводской р-н"#2#13000#3#10#"интернет, лоджия, домофон, железная дверь, мебель, автостоянка, парковка, лифт, детская площадка, близость остановки"#"8(963)081-50-10"#"61.467448 55.187620"
"Российская ул, д. 196"#"Центральный р-н"#1#16000#5#10#"интернет, лоджия, домофон, железная дверь, мебель, бытовая техника, автостоянка, парковка, лифт, детская площадка, близость остановки"#"8(963)081-50-10"#"61.415732 55.162798"
"Академика Королева ул, д. 35а (Тополиная аллея)"#"Центральный р-н"#2#12000#2#10#"интернет, лоджия, домофон, железная дверь, автостоянка, парковка, лифт, детская площадка, близость остановки"#"8(963)081-50-10"#"61.289402 55.161497"
"Барбюса ул, д. 71"#"Ленинский р-н"#2#10000#4#5#"интернет, балкон, железная дверь, автостоянка, парковка, близость остановки"#"8(963)081-50-10"#"61.426233 55.127106"
"Плеханова ул, д. 43"#"Центральный р-н"#2#14500#2#5#"интернет, балкон, домофон, железная дверь, мебель, бытовая техника, автостоянка, парковка, детская площадка, близость остановки"#"8(963)081-50-10"#"61.409830 55.154959"
"Энергетиков ул, д. 6"#"Ленинский р-н"#2#11000#2#4#"интернет, железная дверь, мебель, автостоянка, парковка, детская площадка, близость остановки"#"8(963)081-50-10"#"61.472730 55.126848"
"Братьев Кашириных ул, д. 54"#"Северо-запад р-н"#2#13000#7#10#"интернет, железная дверь, автостоянка, парковка, лифт, детская площадка, близость остановки"#"8(963)081-50-10"#"61.366639 55.179426"
"Молодогвардейцев ул, д. 32а (Гостиница Виктория)"#"Северо-запад р-н"#3#32000#3#10#"интернет, домофон, железная дверь, мебель, бытовая техника, автостоянка, парковка, лифт, детская площадка, близость остановки"#"8(963)081-50-10"#"61.331811 55.195472"
"Академика Королева ул, д. 9 (Тополиная аллея)"#"Центральный р-н"#1#22000#6#10#"интернет, лоджия, домофон, железная дверь, мебель, бытовая техника, автостоянка, парковка, лифт, детская площадка, консьерж"#"8(963)081-50-10"#"61.299202 55.162340"
"Кирова ул, д. 110"#"Центральный р-н"#2#35000#3#4#"интернет, сигнализация, балкон, домофон, железная дверь, мебель, бытовая техника, автостоянка, парковка, закрытая территория, близость остановки"#"8(963)081-50-10"#"61.400173 55.161723"
"Марченко ул, д. 31"#"Тракторозаводской р-н"#2#15000#1#5#"домофон, железная дверь, автостоянка, парковка, детская площадка, подземная парковка, закрытая территория, близость остановки"#"8(951)443-29-33"#"61.459902 55.163919"
"Энгельса ул, д. 32"#"Центральный р-н"#1#22000#2#5#"интернет, домофон, железная дверь, мебель, бытовая техника, автостоянка, парковка, детская площадка, близость остановки"#"8(905)831-31-20"#"61.380841 55.158375"
"Байкальская ул, д. 46"#"Металлургический р-н"#1#10000#2#5#"None"#"8(908)588-28-23"#"61.369963 55.248668"
"Молодогвардейцев ул, д. 70"#"Северо-запад р-н"#1#10000#4#9#"интернет, балкон, домофон, железная дверь, мебель, бытовая техника, автостоянка, парковка, лифт, детская площадка, близость остановки"#"8(951)468-68-58,8(912)303-76-63"#"61.328263 55.179246"
"МОПРа пл, д. 6"#"Центральный р-н"#2#15000#3#5#"интернет, балкон, домофон, железная дверь, мебель, бытовая техника, автостоянка, парковка, детская площадка, близость остановки"#"8(950)726-57-33"#"61.418499 55.164479"
"3 Интернационала ул, д. 63"#"Центральный р-н"#1#9000#6#9#"балкон, домофон, железная дверь, мебель, бытовая техника, автостоянка, парковка, лифт, детская площадка, близость остановки"#"8(908)049-53-11,8(951)470-53-17,8(351)700-02-54"#"61.421697 55.171504"
"Чайковского ул, д. 9"#"Северо-запад р-н"#1#12000#1#10#"домофон, мебель, бытовая техника, автостоянка, парковка, детская площадка, близость остановки"#"8(951)470-17-42,8(922)230-01-04,8(351)700-02-54"#"61.363845 55.192538"
"Гражданская ул, д. 4а"#"Ленинский р-н"#1#8500#2#10#"интернет, балкон, домофон, железная дверь, мебель, бытовая техника, автостоянка, парковка, отчетные документы, лифт, детская площадка, близость остановки"#"8(904)302-66-47"#"61.425667 55.140780"
"Чайковского ул, д. 15"#"Северо-запад р-н"#2#23000#5#10#"интернет, балкон, домофон, железная дверь, 2 санузла и более, мебель, бытовая техника, автостоянка, парковка, лифт, детская площадка, близость остановки"#"8(951)111-11-17"#"61.363872 55.191223"
"Залесье п, Залесье ул, д. 2 (Шершни)"#"Центральный р-н"#1#12000#2#3#"интернет, балкон, железная дверь, мебель, бытовая техника, автостоянка, парковка, детская площадка, закрытая территория"#"8(963)081-50-10"#"61.268893 55.132670"
"Свободы ул, д. 157а"#"Советский р-н"#1#13500#4#5#"интернет, домофон, железная дверь, мебель, бытовая техника, автостоянка, парковка, детская площадка, близость остановки"#"8(963)081-50-10"#"61.416280 55.151616"
"Воровского ул, д. 5а"#"Центральный р-н"#1#11000#5#5#"None"#"8(963)081-50-10"#"61.397020 55.156538"
"Калинина ул, д. 20"#"Центральный р-н"#1#11000#3#5#"None"#"8(951)771-79-80,8(351)248-70-33"#"61.394837 55.179930"
"Худякова ул, д. 25"#"Советский р-н"#2#20000#2#5#"интернет, домофон, железная дверь, мебель, бытовая техника, автостоянка, парковка, близость остановки"#"8(963)081-50-10"#"61.369442 55.147268"
"Университетская Набережная ул, д. 30"#"Северо-запад р-н"#1#13000#5#10#"интернет, лоджия, домофон, железная дверь, мебель, бытовая техника, автостоянка, парковка, лифт, детская площадка, близость остановки"#"8(963)081-50-10"#"61.347918 55.175005"
"Победы пр-кт, д. 360"#"Северо-запад р-н"#2#13000#3#5#"интернет, балкон, железная дверь, мебель, бытовая техника, автостоянка, парковка, детская площадка, близость остановки"#"8(963)081-50-10"#"61.312929 55.190328"
"Марченко ул, д. 23а"#"Тракторозаводской р-н"#2#11000#1#5#"интернет, мебель, автостоянка, парковка, близость остановки"#"8(963)081-50-10"#"61.460648 55.166567"
"Танкистов ул, д. 140а"#"Тракторозаводской р-н"#2#12000#3#5#"железная дверь, мебель, бытовая техника, отчетные документы, лифт"#"8(951)778-31-66"#"61.470089 55.171977"
"Братьев Кашириных ул, д. 122"#"Северо-запад р-н"#1#22000#10#16#"интернет, лоджия, железная дверь, мебель, бытовая техника, автостоянка, парковка, лифт, детская площадка, консьерж, закрытая территория"#"8(963)081-50-10"#"61.305455 55.174769"
"Энгельса ул, д. 97б"#"Советский р-н"#4#50000#6#15#"интернет, лоджия, домофон, железная дверь, 2 санузла и более, мебель, бытовая техника, автостоянка, парковка, лифт, консьерж"#"8(963)081-50-10"#"61.380967 55.150679"
"Энгельса ул, д. 36а"#"Центральный р-н"#3#35000#2#6#"интернет, сигнализация, лоджия, домофон, железная дверь, 2 санузла и более, мебель, бытовая техника, автостоянка, парковка, отчетные документы, лифт, близость остановки"#"8(963)081-50-10"#"61.378829 55.156101"
"Хохрякова ул, д. 40"#"Северо-восток р-н"#3#22000#1#10#"балкон, домофон, автостоянка, парковка, отчетные документы, лифт, детская площадка, близость остановки"#"8(908)041-54-00"#"61.482504 55.171334"
"Ленина пр-кт, д. 34"#"Центральный р-н"#1#16000#4#5#"интернет, балкон, железная дверь, мебель, бытовая техника, автостоянка, парковка, детская площадка, подземная парковка, близость остановки"#"8(909)090-00-99"#"61.420367 55.161203"
"Воровского ул, д. 13б"#"Центральный р-н"#2#15000#1#5#"интернет, домофон, железная дверь, мебель, бытовая техника, отчетные документы, детская площадка, близость остановки"#"8(908)580-13-78"#"61.395646 55.154460"
"Солнечная ул, д. 72"#"Северо-запад р-н"#1#13000#8#9#"интернет, лоджия, домофон, железная дверь, мебель, бытовая техника, автостоянка, парковка, лифт, детская площадка, близость остановки"#"8(950)726-57-33"#"61.316863 55.181010"
"Куйбышева ул, д. 73а"#"Северо-запад р-н"#2#17000#2#5#"балкон, домофон, железная дверь, мебель, бытовая техника, автостоянка, парковка, детская площадка, близость остановки"#"8(912)777-18-36"#"61.334731 55.197749"
"Комсомольский пр-кт, д. 24а"#"Северо-запад р-н"#1#10000#4#5#"интернет, балкон, домофон, железная дверь, мебель, бытовая техника, автостоянка, парковка, детская площадка, близость остановки"#"8(900)023-13-40"#"61.358689 55.194332"
"Энтузиастов ул, д. 25А"#"Центральный р-н"#2#14000#5#5#"None"#"8(982)321-75-37"#"61.377347 55.149373"
"250 лет Челябинску ул, д. 75а"#"Северо-запад р-н"#2#18000#2#10#"лоджия, домофон, железная дверь, мебель, бытовая техника, автостоянка, парковка, лифт, детская площадка, подземная парковка, близость остановки"#"8(951)122-99-05"#"61.287587 55.164809"
"Залесье п, Залесье ул, д. 5 (Шершни)"#"Северо-запад р-н"#1#11000#1#3#"интернет, домофон, железная дверь, автостоянка, парковка, детская площадка, закрытая территория, близость остановки"#"8(951)122-99-69"#"61.268893 55.132670"
"Победы пр-кт, д. 350"#"Северо-запад р-н"#1#12000#6#10#"балкон, домофон, железная дверь, мебель, бытовая техника, автостоянка, парковка, отчетные документы, лифт, близость остановки"#"8(951)793-80-33"#"61.317447 55.189496"
"Салавата Юлаева ул, д. 23"#"Северо-запад р-н"#3#18000#2#10#"интернет, лоджия, домофон, железная дверь, мебель, бытовая техника, автостоянка, парковка, лифт, детская площадка, близость остановки"#"8(952)529-22-25,8(950)730-31-25"#"61.292375 55.173483"
"Калинина ул, д. 13 (Торговый центр)"#"Центральный р-н"#3#21000#2#9#"интернет, балкон, железная дверь, мебель, бытовая техника, автостоянка, парковка, лифт, закрытая территория, близость остановки"#"8(912)891-84-21"#"61.397110 55.177761"
"Работниц ул, д. 72"#"Северо-запад р-н"#3#50000#4#5#"телефон, интернет, сигнализация, балкон, лоджия, домофон, железная дверь, 2 санузла и более, мебель, бытовая техника, автостоянка, парковка, лифт, детская площадка, закрытая территория, близость остановки"#"8(951)122-99-69"#"61.393175 55.177010"
"Тухачевского ул, д. 10"#"Ленинский р-н"#2#15000#5#9#"интернет, балкон, домофон, железная дверь, мебель, бытовая техника, автостоянка, парковка, лифт, детская площадка, близость остановки"#"8(912)891-84-21"#"61.430689 55.147330"
"Ворошилова ул, д. 51"#"Северо-запад р-н"#2#18000#7#10#"интернет, балкон, железная дверь, мебель, бытовая техника, автостоянка, парковка, лифт, консьерж, близость остановки"#"8(912)793-30-99"#"61.322586 55.181627"
"Скульптора Головницкого ул, д. 32"#"Северо-запад р-н"#2#12000#3#10#"железная дверь, мебель, бытовая техника, отчетные документы, лифт"#"8(951)778-31-66"#"61.277248 55.208841"
"Ленина пр-кт, д. 23б"#"Центральный р-н"#1#11000#3#5#"None"#"8(912)320-71-93"#"61.424598 55.159732"
"Либединского ул, д. 31"#"Тракторозаводской р-н"#2#12000#1#5#"домофон, железная дверь, мебель, бытовая техника, автостоянка, парковка, детская площадка, близость остановки"#"8(952)528-99-91"#"61.418660 55.183950"
"Ленина ул, д. 53"#"Центральный р-н"#2#35000#3#6#"телефон, интернет, балкон, домофон, железная дверь, мебель, бытовая техника, автостоянка, парковка, отчетные документы, лифт, детская площадка, близость остановки"#"8(951)793-80-33"#"61.297891 55.155227"
"Габдуллы Тукая ул, д. 18 (Парковый)"#"Северо-запад р-н"#1#9000#4#9#"лоджия, домофон, мебель, автостоянка, парковка, лифт, детская площадка"#"8(908)572-34-87"#"61.278999 55.205322"
"Кирова ул, д. 9/2 (Торговый центр)"#"Центральный р-н"#2#19500#3#5#"интернет, балкон, домофон, железная дверь, мебель, бытовая техника, автостоянка, парковка, близость остановки"#"8(912)891-84-21"#"61.401664 55.177560"
"Комсомольский пр-кт, д. 83"#"Северо-запад р-н"#3#16000#4#9#"интернет, лоджия, домофон, железная дверь, мебель, бытовая техника, автостоянка, парковка, лифт, близость остановки"#"8(912)891-84-21"#"61.311833 55.194070"
"Каслинская ул, д. 27"#"Центральный р-н"#2#12000#3#5#"балкон, домофон, железная дверь, мебель, бытовая техника, автостоянка, парковка, детская площадка, близость остановки"#"8(965)853-86-27"#"61.394774 55.182248"
"Ленина пр-кт, д. 23"#"Центральный р-н"#2#16000#5#10#"интернет, домофон, железная дверь, мебель, бытовая техника, автостоянка, парковка, лифт, детская площадка, закрытая территория, близость остановки"#"8(908)580-36-22"#"61.423700 55.160581"
"Воровского ул, д. 15в"#"Центральный р-н"#2#23000#10#15#"интернет, сигнализация, лоджия, домофон, железная дверь, мебель, бытовая техника, автостоянка, парковка, лифт, детская площадка, близость остановки"#"8(951)252-97-49"#"61.392591 55.153503"
"Кирова ул, д. 6а"#"Центральный р-н"#3#16000#2#5#"балкон, домофон, железная дверь, мебель, бытовая техника, автостоянка, парковка, лифт, детская площадка, близость остановки"#"8(965)853-86-27"#"61.397685 55.181128"
"Шуменская ул, д. 33"#"Тракторозаводской р-н"#1#12000#4#9#"интернет, балкон, домофон, железная дверь, мебель, бытовая техника, автостоянка, парковка, лифт, детская площадка, близость остановки"#"8(908)580-36-22"#"61.463172 55.175468"
"Комсомольский пр-кт, д. 30а"#"Северо-запад р-н"#2#12500#3#5#"балкон, домофон, железная дверь, мебель, автостоянка, парковка, детская площадка, близость остановки"#"8(908)580-36-22"#"61.351206 55.196382"
"Кулибина ул, д. 25"#"Тракторозаводской р-н"#2#22000#8#10#"интернет, сигнализация, лоджия, домофон, железная дверь, мебель, бытовая техника, автостоянка, парковка, лифт, детская площадка, близость остановки"#"8(951)252-97-49"#"61.463891 55.174933"
"Коммунистическая ул, д. 5"#"Металлургический р-н"#1#15000#5#5#"None"#"8(908)588-28-23"#"61.401071 55.261023"
"Бейвеля ул, д. 33 (Парковый)"#"Северо-запад р-н"#1#9500#5#10#"балкон, мебель, бытовая техника, лифт, близость остановки"#"8(951)778-25-48"#"61.283150 55.204161"
"Копейское ш, д. 1в"#"Ленинский р-н"#2#11000#4#10#"интернет, лоджия, домофон, железная дверь, мебель, бытовая техника, автостоянка, парковка, лифт, детская площадка, близость остановки"#"8(951)252-90-85"#"61.510010 55.120774"
"Трубосварочная 1-я ул, д. 2"#"Ленинский р-н"#3#15000#3#10#"интернет, лоджия, домофон, железная дверь, мебель, бытовая техника, автостоянка, парковка, лифт, детская площадка, близость остановки"#"8(951)252-90-85"#"61.513882 55.120238"
"Лермонтова 1-й пер, д. 1"#"Тракторозаводской р-н"#1#10000#3#5#"балкон, железная дверь, отчетные документы, детская площадка, близость остановки"#"8(951)465-50-78,8(908)052-05-16"#"61.453946 55.184490"
"Постышева ул, д. 3"#"Центральный р-н"#1#11000#2#5#"интернет, балкон, домофон, железная дверь, автостоянка, парковка, детская площадка, близость остановки"#"8(351)750-64-03,8(922)750-64-03"#"61.422541 55.163590"
"Барбюса ул, д. 28а"#"Ленинский р-н"#2#12500#6#9#"балкон, домофон, железная дверь, мебель, бытовая техника, автостоянка, парковка, отчетные документы, лифт, детская площадка, близость остановки"#"8(951)465-50-78,8(908)052-05-16"#"61.434102 55.144233"
"Верхнеуральская ул, д. 13"#"Советский р-н"#2#15000#4#5#"балкон, железная дверь, мебель, бытовая техника, отчетные документы, детская площадка, близость остановки"#"8(951)465-50-78,8(908)052-05-16"#"61.374266 55.144145"
"Комсомольский пр-кт, д. 28"#"Северо-запад р-н"#1#11000#3#5#"балкон, железная дверь, мебель, автостоянка, парковка, отчетные документы, детская площадка, близость остановки"#"8(351)223-36-88,8(908)052-05-16"#"61.352859 55.195092"
"Кирова ул, д. 7"#"Центральный р-н"#2#15000#3#5#"интернет, балкон, железная дверь, мебель, бытовая техника, автостоянка, парковка, отчетные документы, близость остановки"#"8(351)248-68-84,8(908)046-53-97"#"61.399993 55.180043"
"Чичерина ул, д. 35"#"Северо-запад р-н"#3#20000#4#10#"интернет, лоджия, железная дверь, мебель, бытовая техника, автостоянка, парковка, отчетные документы, близость остановки"#"8(351)248-68-84,8(908)046-53-97"#"61.302257 55.176018"
"Южный Бульвар ул, д. 28"#"Ленинский р-н"#2#18000#5#9#"балкон, домофон, железная дверь, мебель, бытовая техника, автостоянка, парковка, отчетные документы, лифт, детская площадка, близость остановки"#"8(351)223-36-88,8(908)052-05-16"#"61.425730 55.140152"
"Комсомольский пр-кт, д. 28а"#"Северо-запад р-н"#1#11000#3#5#"балкон, домофон, железная дверь, мебель, детская площадка, близость остановки"#"8(351)750-64-03,8(922)750-64-03"#"61.352976 55.196526"
"Дегтярева ул, д. 88"#"Металлургический р-н"#1#12000#3#5#"балкон, железная дверь, мебель, бытовая техника, отчетные документы, детская площадка"#"8(351)223-36-88,8(908)052-05-16"#"61.397020 55.247801"
"Новороссийская ул, д. 43"#"Ленинский р-н"#1#9000#2#3#"железная дверь, мебель, автостоянка, парковка, отчетные документы, близость остановки"#"8(351)248-68-84,8(908)046-53-97"#"61.483564 55.107339"
"Свердловский пр-кт, д. 24"#"Северо-запад р-н"#1#10000#2#3#"балкон, железная дверь, отчетные документы, детская площадка, близость остановки"#"8(351)223-36-88,8(908)052-05-16"#"61.385683 55.185759"
"Островского ул, д. 25"#"Северо-запад р-н"#1#10000#2#5#"None"#"8(351)248-34-01,8(908)068-84-02"#"61.381982 55.187599"
"Калинина ул, д. 7"#"Центральный р-н"#1#11000#2#5#"интернет, железная дверь, мебель, бытовая техника, автостоянка, парковка, отчетные документы, близость остановки"#"8(351)248-68-84,8(908)046-53-97"#"61.403173 55.179467"
"Захаренко ул, д. 9"#"Северо-запад р-н"#3#17000#3#10#"интернет, железная дверь, мебель, автостоянка, парковка, отчетные документы, близость остановки"#"8(351)248-68-84,8(908)046-53-97"#"61.307709 55.198103"
"Артиллерийская ул, д. 65"#"Тракторозаводской р-н"#1#14000#2#4#"None"#"8(351)248-34-01,8(908)068-84-02"#"61.429916 55.177185"
"Кирова ул, д. 15а"#"Центральный р-н"#2#18000#2#10#"None"#"8(351)248-34-01,8(908)068-84-02"#"61.401664 55.175781"
"Залесье п, Залесье ул, д. 1"#"Северо-запад р-н"#1#8000#2#3#"интернет, сигнализация, балкон, лоджия, домофон, железная дверь, мебель, бытовая техника, автостоянка, парковка, отчетные документы, детская площадка, близость остановки"#"8(951)809-02-83"#"61.268893 55.132670"
"Победы пр-кт, д. 388б"#"Северо-запад р-н"#2#15000#5#9#"балкон, домофон, железная дверь, автостоянка, парковка, отчетные документы, лифт, детская площадка, близость остановки"#"8(951)465-50-78,8(908)052-05-16"#"61.292178 55.184284"
"Кудрявцева ул, д. 12"#"Тракторозаводской р-н"#1#10500#3#5#"балкон, железная дверь, мебель, автостоянка, парковка, отчетные документы, близость остановки"#"8(351)223-36-88,8(908)052-05-16"#"61.420807 55.183395"
"Братьев Кашириных ул, д. 105"#"Северо-запад р-н"#2#15000#6#9#"балкон, домофон, железная дверь, мебель, автостоянка, парковка, отчетные документы, лифт, детская площадка, близость остановки"#"8(351)223-36-88,8(908)052-05-16"#"61.338495 55.178115"
"Гагарина ул, д. 52"#"Ленинский р-н"#2#15000#3#5#"интернет, железная дверь, мебель, бытовая техника, автостоянка, парковка, отчетные документы, близость остановки"#"8(351)248-68-84,8(908)046-53-97"#"61.434183 55.122086"
"Краснопольский пр-кт, д. 5в"#"Северо-запад р-н"#1#10000#5#10#"балкон, домофон, железная дверь, мебель, отчетные документы, детская площадка, близость остановки"#"8(351)223-36-88,8(908)052-05-16"#"61.301915 55.207983"
"Байкальская ул, д. 25"#"Металлургический р-н"#2#11500#2#10#"интернет, железная дверь, мебель, бытовая техника, автостоянка, парковка, отчетные документы, близость остановки"#"8(351)248-68-84,8(908)046-53-97"#"61.373763 55.248293"
"Трашутина ул, д. 25"#"Тракторозаводской р-н"#1#8000#5#10#"лоджия, железная дверь, мебель, автостоянка, парковка, отчетные документы"#"8(351)248-68-84,8(908)046-53-97"#"61.526836 55.171324"
"Энергетиков ул, д. 3"#"Ленинский р-н"#2#12000#2#5#"интернет, балкон, железная дверь, мебель, бытовая техника, автостоянка, парковка, отчетные документы, близость остановки"#"8(351)248-68-84,8(908)046-53-97"#"61.472227 55.126416"
"Солнечная ул, д. 18в"#"Северо-запад р-н"#1#11000#4#9#"балкон, железная дверь, мебель, бытовая техника, автостоянка, парковка, отчетные документы, лифт, детская площадка, близость остановки"#"8(351)223-36-88,8(908)052-05-16"#"61.314294 55.201685"
"Воровского ул, д. 45"#"Центральный р-н"#1#11500#2#5#"интернет, железная дверь, мебель, бытовая техника, автостоянка, парковка, отчетные документы, близость остановки"#"8(351)248-68-84,8(908)046-53-97"#"61.385629 55.148313"
"Марченко ул, д. 7в"#"Тракторозаводской р-н"#1#11000#3#5#"балкон, железная дверь, мебель, автостоянка, парковка, отчетные документы, детская площадка, близость остановки"#"8(351)223-36-88,8(908)052-05-16"#"61.467637 55.171797"
"Каслинская ул, д. 17"#"Северо-запад р-н"#1#10000#3#5#"балкон, железная дверь, автостоянка, парковка, отчетные документы, детская площадка, близость остановки"#"8(351)223-36-88,8(908)052-05-16"#"61.392780 55.189280"
"Российская ул, д. 18"#"Тракторозаводской р-н"#1#11000#2#5#"интернет, железная дверь, мебель, бытовая техника, автостоянка, парковка, отчетные документы, близость остановки"#"8(351)248-68-84,8(908)046-53-97"#"61.410360 55.193407"
"Воровского ул, д. 21"#"Советский р-н"#2#20000#6#9#"балкон, домофон, железная дверь, мебель, бытовая техника, автостоянка, парковка, отчетные документы, лифт, детская площадка, близость остановки"#"8(351)223-36-88,8(908)052-05-16"#"61.390786 55.151523"
"Ворошилова ул, д. 17"#"Северо-запад р-н"#3#20000#6#10#"балкон, железная дверь, мебель, бытовая техника, автостоянка, парковка, отчетные документы, лифт, детская площадка, близость остановки"#"8(351)223-36-88,8(908)052-05-16"#"61.322352 55.197394"
"Суркова ул, д. 18(Трубный завод)Для Командированных!Работаем с Показом и Заселением!"#"Ленинский р-н"#2#12000#2#5#"интернет, железная дверь, мебель, автостоянка, парковка, отчетные документы, близость остановки"#"8(351)248-68-84,8(908)046-53-97"#"61.461914 55.116959"
"Свердловский пр-кт, д. 88"#"Центральный р-н"#1#23000#5#17#"интернет, сигнализация, лоджия, домофон, железная дверь, мебель, бытовая техника, автостоянка, парковка, лифт, детская площадка, консьерж, закрытая территория, близость остановки"#"8(351)777-11-28,8(903)089-46-00"#"61.388836 55.152320"
"Каслинская ул, д. 23"#"Северо-запад р-н"#2#16000#3#5#"интернет, балкон, железная дверь, мебель, бытовая техника, автостоянка, парковка, отчетные документы, близость остановки"#"8(351)248-68-84,8(908)046-53-97"#"61.393993 55.185009"
"Омская ул, д. 10"#"Советский р-н"#3#20000#8#10#"интернет, сигнализация, лоджия, домофон, железная дверь, мебель, бытовая техника, автостоянка, парковка, лифт, детская площадка, близость остановки"#"8(965)853-88-04"#"61.399329 55.136452"
"40 лет Победы ул, д. 31"#"Северо-запад р-н"#2#17000#5#10#"None"#"8(912)896-88-81"#"61.302634 55.183868"
"Гагарина ул, д. 41"#"Ленинский р-н"#2#12000#3#5#"интернет, балкон, домофон, железная дверь, мебель, бытовая техника, автостоянка, парковка, отчетные документы, детская площадка, близость остановки"#"8(904)302-66-47"#"61.435288 55.124388"
"Свободы ул"#"Советский р-н"#2#18000#4#5#"None"#"8(951)448-04-88"#"61.413738 55.155803"
"Курчатова ул, д. 12а"#"Северо-запад р-н"#1#10000#4#5#"железная дверь, мебель, бытовая техника, автостоянка, парковка, отчетные документы, детская площадка, близость остановки"#"8(950)723-49-10"#"61.393732 55.149213"
"Доватора ул, д. 34г"#"Советский р-н"#2#23000#3#10#"интернет, сигнализация, лоджия, домофон, железная дверь, мебель, бытовая техника, автостоянка, парковка, лифт, детская площадка, близость остановки"#"8(965)853-88-04"#"61.392564 55.143862"
"МОПРа пл, д. 2"#"Центральный р-н"#1#8500#3#5#"None"#"8(912)896-88-81"#"61.420664 55.164551"
"Молодогвардейцев ул, д. 32 ТОРГ (Гостиница Виктория)"#"Северо-запад р-н"#3#25000#3#10#"None"#"8(912)896-88-81"#"61.331901 55.195020"
"Академика Королева ул, д. 8 (Тополиная аллея)"#"Центральный р-н"#1#12000#4#10#"интернет, балкон, лоджия, железная дверь, мебель, бытовая техника, автостоянка, парковка, отчетные документы, лифт, близость остановки"#"8(904)302-67-19"#"61.300146 55.164608"
"Комарова ул, д. 114"#"Тракторозаводской р-н"#1#10000#4#10#"балкон, железная дверь, автостоянка, парковка, лифт, детская площадка"#"8(904)979-95-19"#"61.453246 55.174928"
"Героев Танкограда ул, д. 63б"#"Тракторозаводской р-н"#1#10000#4#10#"балкон, железная дверь, автостоянка, парковка, лифт, детская площадка"#"8(904)979-95-19"#"61.451611 55.174954"
"Академика Сахарова ул, д. 32 (Тополиная аллея)"#"Северо-запад р-н"#1#13000#7#10#"лоджия, железная дверь, мебель, бытовая техника, автостоянка, парковка, лифт, детская площадка"#"8(904)979-95-19"#"61.289743 55.160926"
"Свободы ул, д. 90а (Ж/д вокзал)"#"Центральный р-н"#4#45000#9#10#"лоджия, железная дверь, 2 санузла и более, мебель, бытовая техника, автостоянка, парковка, лифт, детская площадка"#"8(904)979-95-19"#"61.413199 55.152336"
"Пионерская ул, д. 9а"#"Северо-запад р-н"#1#13500#4#5#"None"#"8(963)464-95-50,8(351)776-45-89"#"61.351035 55.190976"
"Хохрякова ул, д. 8а"#"Тракторозаводской р-н"#1#9000#6#9#"None"#"8(912)474-65-07"#"61.483671 55.183266"
"Комсомольский пр-кт, д. 44 (Гостиница Виктория)"#"Северо-запад р-н"#1#16000#3#5#"интернет, лоджия, домофон, железная дверь, мебель, бытовая техника, автостоянка, парковка, отчетные документы, детская площадка, близость остановки"#"8(951)483-10-51"#"61.335045 55.196289"
"Молодогвардейцев ул, д. 41"#"Северо-запад р-н"#3#30000#10#10#"интернет, лоджия, домофон, железная дверь, 2 санузла и более, мебель, бытовая техника, автостоянка, парковка, отчетные документы, лифт, детская площадка, близость остановки"#"8(951)483-10-51"#"61.333626 55.184423"
"Комсомольский пр-кт, д. 101а"#"Северо-запад р-н"#2#14000#2#9#"интернет, лоджия, домофон, железная дверь, мебель, бытовая техника, автостоянка, парковка, отчетные документы, лифт, детская площадка, близость остановки"#"8(951)483-10-51"#"61.299607 55.190262"
"Курчатова ул, д. 25"#"Центральный р-н"#1#15500#5#9#"интернет, лоджия, домофон, железная дверь, мебель, бытовая техника, автостоянка, парковка, отчетные документы, лифт, детская площадка, близость остановки"#"8(951)483-10-51"#"61.382988 55.152022"
"Коммуны ул, д. 80"#"Центральный р-н"#1#14000#3#10#"интернет, лоджия, домофон, железная дверь, мебель, бытовая техника, автостоянка, парковка, отчетные документы, лифт, детская площадка, близость остановки"#"8(951)483-10-51"#"61.386555 55.162823"
"Солнечная ул, д. 26в (Теорема)"#"Северо-запад р-н"#2#15000#1#9#"интернет, лоджия, домофон, железная дверь, мебель, бытовая техника, автостоянка, парковка, отчетные документы, детская площадка, близость остановки"#"8(951)483-10-51"#"61.315273 55.195565"
"Свободы ул, д. 92а"#"Центральный р-н"#2#16000#4#5#"интернет, лоджия, домофон, железная дверь, мебель, бытовая техника, автостоянка, парковка, отчетные документы, детская площадка, близость остановки"#"8(951)483-10-51"#"61.413567 55.151765"
"Молдавская ул, д. 21"#"Северо-запад р-н"#2#12000#3#5#"интернет, лоджия, домофон, железная дверь, мебель, бытовая техника, автостоянка, парковка, отчетные документы, детская площадка, близость остановки"#"8(951)483-10-51"#"61.305230 55.192122"
"Сулимова ул, д. 47а"#"Советский р-н"#2#16000#6#10#"интернет, лоджия, домофон, железная дверь, мебель, бытовая техника, автостоянка, парковка, отчетные документы, лифт, детская площадка, близость остановки"#"8(951)483-10-51"#"61.383446 55.139849"
"Доватора ул, д. 4а"#"Советский р-н"#2#17000#7#10#"интернет, лоджия, домофон, железная дверь, мебель, автостоянка, парковка, отчетные документы, лифт, детская площадка, близость остановки"#"8(951)483-10-51"#"61.407440 55.139350"
"Свободы ул, д. 163"#"Советский р-н"#1#23000#5#7#"интернет, лоджия, домофон, железная дверь, мебель, бытовая техника, автостоянка, парковка, отчетные документы, лифт, детская площадка, близость остановки"#"8(951)483-10-51"#"61.416927 55.148076"
"Сулимова ул, д. 92б"#"Советский р-н"#1#16000#4#10#"интернет, лоджия, домофон, железная дверь, мебель, бытовая техника, автостоянка, парковка, отчетные документы, лифт, детская площадка, близость остановки"#"8(951)483-10-51"#"61.391477 55.144613"
"Южная ул, д. 4в"#"Центральный р-н"#2#30000#2#11#"интернет, лоджия, домофон, железная дверь, мебель, бытовая техника, автостоянка, парковка, отчетные документы, лифт, детская площадка, закрытая территория, близость остановки"#"8(951)483-10-51"#"61.385522 55.155047"
"Энтузиастов ул, д. 40"#"Центральный р-н"#1#16000#3#5#"интернет, лоджия, домофон, железная дверь, мебель, бытовая техника, автостоянка, парковка, отчетные документы, детская площадка, близость остановки"#"8(951)483-10-51"#"61.376377 55.146085"
"Монакова ул, д. 6а"#"Советский р-н"#2#17000#2#5#"интернет, балкон, домофон, железная дверь, мебель, бытовая техника, автостоянка, парковка, отчетные документы, детская площадка, близость остановки"#"8(951)483-10-51"#"61.407872 55.149511"
"Масленникова ул, д. 15"#"Ленинский р-н"#3#20000#1#5#"интернет, лоджия, домофон, железная дверь, мебель, бытовая техника, автостоянка, парковка, отчетные документы, детская площадка, близость остановки"#"8(951)483-10-51"#"61.460675 55.117921"
"Труда ул, д. 163"#"Центральный р-н"#3#22000#5#5#"интернет, лоджия, домофон, железная дверь, мебель, бытовая техника, автостоянка, парковка, отчетные документы, детская площадка, близость остановки"#"8(951)483-10-51"#"61.387040 55.167020"
"Братьев Кашириных ул, д. 72а"#"Северо-запад р-н"#1#13000#10#10#"балкон, железная дверь, мебель, бытовая техника, автостоянка, парковка, лифт, детская площадка, близость остановки"#"8(904)979-95-19"#"61.348053 55.180388"
"Островского ул, д. 36"#"Северо-запад р-н"#2#13000#9#10#"балкон, железная дверь, мебель, бытовая техника, автостоянка, парковка, лифт, детская площадка"#"8(904)979-95-19"#"61.375838 55.188273"
"Сулимова ул, д. 75"#"Центральный р-н"#2#20000#8#10#"балкон, железная дверь, мебель, бытовая техника, автостоянка, парковка, лифт, детская площадка"#"8(904)979-95-19"#"61.392214 55.146023"
"Салавата Юлаева ул, д. 30"#"Северо-запад р-н"#2#14000#6#10#"балкон, железная дверь, мебель, бытовая техника, автостоянка, парковка, лифт, детская площадка, близость остановки"#"8(904)979-95-19"#"61.272199 55.188314"
"40 лет Победы ул, д. 33"#"Северо-запад р-н"#1#20000#11#11#"балкон, лоджия, железная дверь, мебель, бытовая техника, автостоянка, парковка, лифт, детская площадка, близость остановки"#"8(904)979-95-19"#"61.304386 55.182531"
"Александра Шмакова ул, д. 18 (Парковый)"#"Северо-запад р-н"#1#10000#5#10#"None"#"8(963)464-95-50,8(351)776-45-89"#"61.273726 55.208204"
"Российская ул, д. 206"#"Центральный р-н"#1#18000#4#10#"интернет, лоджия, домофон, железная дверь, мебель, бытовая техника, автостоянка, парковка, отчетные документы, лифт, детская площадка, закрытая территория, близость остановки"#"8(951)483-10-51"#"61.415714 55.159059"
"Кыштымская ул, д. 10а"#"Центральный р-н"#2#17000#3#10#"интернет, лоджия, домофон, железная дверь, мебель, бытовая техника, автостоянка, парковка, отчетные документы, лифт, детская площадка, близость остановки"#"8(951)483-10-51"#"61.391019 55.185800"
"Тимирязева ул, д. 12"#"Центральный р-н"#1#20000#3#10#"интернет, лоджия, домофон, железная дверь, мебель, бытовая техника, автостоянка, парковка, отчетные документы, лифт, детская площадка, закрытая территория, близость остановки"#"8(951)483-10-51"#"61.415094 55.158827"
"Володарского ул, д. 32"#"Центральный р-н"#2#25000#3#14#"интернет, лоджия, домофон, железная дверь, мебель, бытовая техника, автостоянка, парковка, отчетные документы, лифт, детская площадка, близость остановки"#"8(951)483-10-51"#"61.385351 55.160576"
"40 лет Победы ул, д. 29б"#"Северо-запад р-н"#1#14000#8#11#"интернет, лоджия, домофон, железная дверь, мебель, бытовая техника, автостоянка, парковка, отчетные документы, лифт, детская площадка, близость остановки"#"8(951)483-10-51"#"61.302930 55.185374"
"Энгельса ул, д. 99а"#"Центральный р-н"#1#13000#8#9#"интернет, лоджия, домофон, железная дверь, мебель, бытовая техника, автостоянка, парковка, отчетные документы, лифт, детская площадка, близость остановки"#"8(951)483-10-51"#"61.381641 55.150082"
"Комсомольский пр-кт, д. 60а"#"Северо-запад р-н"#2#22000#6#10#"интернет, лоджия, домофон, железная дверь, мебель, бытовая техника, автостоянка, парковка, отчетные документы, лифт, детская площадка, близость остановки"#"8(951)483-10-51"#"61.326547 55.196454"
"Свободы ул, д. 141а"#"Центральный р-н"#1#18000#7#10#"интернет, лоджия, домофон, железная дверь, мебель, бытовая техника, автостоянка, парковка, отчетные документы, лифт, детская площадка, закрытая территория, близость остановки"#"8(951)483-10-51"#"61.413648 55.159563"
"Доватора ул, д. 24б"#"Советский р-н"#1#16000#7#10#"интернет, лоджия, домофон, железная дверь, мебель, бытовая техника, автостоянка, парковка, отчетные документы, лифт, детская площадка, близость остановки"#"8(951)483-10-51"#"61.396580 55.141917"
"Академика Макеева ул, д. 27 (Тополиная аллея)"#"Центральный р-н"#1#16000#10#10#"интернет, лоджия, домофон, железная дверь, мебель, бытовая техника, автостоянка, парковка, отчетные документы, лифт, детская площадка, близость остановки"#"8(951)483-10-51"#"61.287695 55.166855"
"Свободы ул, д. 100"#"Советский р-н"#1#20000#6#9#"интернет, лоджия, домофон, железная дверь, мебель, бытовая техника, автостоянка, парковка, отчетные документы, лифт, детская площадка, близость остановки"#"8(951)483-10-51"#"61.415615 55.148570"
"40 лет Победы ул, д. 21"#"Северо-запад р-н"#2#15000#4#9#"интернет, лоджия, домофон, железная дверь, мебель, бытовая техника, автостоянка, парковка, отчетные документы, лифт, детская площадка, близость остановки"#"8(951)483-10-51"#"61.298044 55.187347"
"Братьев Кашириных ул, д. 95"#"Северо-запад р-н"#2#15000#6#9#"интернет, лоджия, домофон, железная дверь, мебель, бытовая техника, автостоянка, парковка, отчетные документы, лифт, детская площадка, близость остановки"#"8(951)483-10-51"#"61.361186 55.178157"
"Лобырина ул, д. 13"#"Северо-запад р-н"#2#16000#2#10#"интернет, лоджия, домофон, железная дверь, 2 санузла и более, мебель, бытовая техника, автостоянка, парковка, отчетные документы, лифт, детская площадка, близость остановки"#"8(951)483-10-51"#"61.303730 55.214553"
"Ленина пр-кт, д. 41"#"Центральный р-н"#3#20000#3#5#"интернет, лоджия, домофон, железная дверь, мебель, бытовая техника, автостоянка, парковка, отчетные документы, детская площадка, близость остановки"#"8(951)483-10-51"#"61.413459 55.160324"
"Чичерина ул, д. 44"#"Северо-запад р-н"#1#13500#9#9#"интернет, лоджия, домофон, железная дверь, мебель, бытовая техника, автостоянка, парковка, отчетные документы, лифт, детская площадка, близость остановки"#"8(951)483-10-51"#"61.299104 55.173823"
"Университетская Набережная ул, д. 88 (Тополиная аллея)"#"Центральный р-н"#2#30000#3#10#"интернет, лоджия, домофон, железная дверь, мебель, бытовая техника, автостоянка, парковка, отчетные документы, лифт, детская площадка, близость остановки"#"8(951)483-10-51"#"61.301682 55.162031"
"Горького ул, д. 63"#"Тракторозаводской р-н"#1#10000#3#9#"балкон, железная дверь, мебель, бытовая техника, отчетные документы, лифт, близость остановки"#"8(904)302-67-19"#"61.434875 55.180825"
"Красного Урала ул, д. 6"#"Северо-запад р-н"#1#11000#3#6#"интернет, балкон, домофон, железная дверь, мебель, близость остановки"#"8(963)084-95-81"#"61.354116 55.196269"
"Овчинникова ул, д. 7б"#"Советский р-н"#1#11000#3#9#"интернет, железная дверь, мебель, бытовая техника"#"8(900)023-09-48"#"61.408950 55.140168"
"Комсомольский пр-кт, д. 69"#"Северо-запад р-н"#1#10000#5#9#"интернет, железная дверь, мебель, бытовая техника"#"8(900)023-09-48"#"61.316225 55.194049"
"Молодогвардейцев ул, д. 17а"#"Северо-запад р-н"#2#12000#9#10#"интернет, балкон, домофон, железная дверь, мебель, бытовая техника, автостоянка, парковка, лифт, детская площадка, близость остановки"#"8(900)023-13-40"#"61.332494 55.200678"
"Труда ул, д. 30"#"Центральный р-н"#1#12000#2#9#"интернет, балкон, домофон, железная дверь, близость остановки"#"8(351)232-60-93,8(908)819-67-46"#"61.421580 55.168629"
"Ленина пр-кт, д. 36б"#"Центральный р-н"#2#18000#5#5#"None"#"8(351)248-04-49,8(951)806-76-68"#"61.418669 55.161975"
"Бейвеля ул, д. 46а"#"Северо-запад р-н"#1#12000#6#10#"None"#"8(351)248-04-49,8(951)806-76-68"#"61.283563 55.205312"
"Братьев Кашириных ул, д. 116"#"Северо-запад р-н"#1#12000#5#10#"None"#"8(912)320-71-93"#"61.307144 55.175946"
"Братьев Кашириных ул, д. 114а"#"Северо-запад р-н"#2#15000#5#10#"None"#"8(351)248-04-49,8(951)806-76-68"#"61.308671 55.177103"
"Косарева ул, д. 63"#"Северо-запад р-н"#2#16000#9#10#"None"#"8(351)248-04-49,8(951)806-76-68"#"61.373197 55.181693"
"Курчатова ул, д. 1"#"Советский р-н"#2#12000#3#9#"лоджия, домофон, железная дверь, мебель, бытовая техника, автостоянка, парковка, лифт, детская площадка, близость остановки"#"8(951)252-98-13"#"61.397361 55.145992"
"Елькина ул, д. 92а"#"Центральный р-н"#1#10000#3#5#"домофон, железная дверь, мебель, бытовая техника, автостоянка, парковка, детская площадка, близость остановки"#"8(951)252-98-13"#"61.397182 55.149841"
"Шота Руставели ул, д. 26"#"Ленинский р-н"#1#10500#7#10#"железная дверь, мебель, бытовая техника, отчетные документы, лифт"#"8(951)778-31-66"#"61.431407 55.141681"
"Энтузиастов ул, д. 19"#"Центральный р-н"#1#14000#2#5#"балкон, мебель, бытовая техника, автостоянка, парковка, близость остановки"#"8(912)085-93-12"#"61.377248 55.150412"
"Свердловский пр-кт, д. 54"#"Центральный р-н"#1#13000#2#9#"интернет, лоджия, домофон, железная дверь, мебель, бытовая техника, автостоянка, парковка, лифт, детская площадка, близость остановки"#"8(904)941-05-01"#"61.388028 55.164654"
"Свободы ул, д. 90"#"Советский р-н"#2#13000#3#5#"балкон, домофон, железная дверь, мебель, бытовая техника, автостоянка, парковка, отчетные документы, детская площадка, близость остановки"#"8(952)527-40-16"#"61.414106 55.152511"
"Чайковского ул, д. 10"#"Северо-запад р-н"#1#12000#2#5#"телефон, интернет, балкон, железная дверь, мебель, бытовая техника, автостоянка, парковка, близость остановки"#"8(912)085-93-24"#"61.361007 55.195005"
"Академика Королева ул, д. 40 (ТОПОЛИНКА)"#"Центральный р-н"#1#14000#4#16#"интернет, лоджия, домофон, железная дверь, мебель, бытовая техника, автостоянка, парковка, лифт, детская площадка, близость остановки"#"8(904)941-05-01"#"61.291827 55.164495"
"Трудовая ул, д. 21"#"Металлургический р-н"#1#11000#4#5#"балкон, мебель, автостоянка, парковка, близость остановки"#"8(912)085-93-24"#"61.393427 55.267317"
"Игнатия Вандышева ул, д. 6"#"Северо-запад р-н"#1#10000#4#10#"телефон, интернет, балкон, домофон, железная дверь, мебель, бытовая техника, автостоянка, парковка, отчетные документы, лифт, детская площадка"#"8(951)777-66-42"#"61.343355 55.184053"
"Академика Макеева ул, д. 15"#"Центральный р-н"#2#15000#10#10#"интернет, лоджия, домофон, железная дверь, мебель, отчетные документы, лифт, детская площадка, близость остановки"#"8(951)487-25-25"#"61.293211 55.166876"
"Ворошилова ул, д. 19"#"Северо-запад р-н"#1#10000#2#5#"None"#"8(351)223-36-44"#"61.323915 55.197276"
"Молодогвардейцев ул, д. 48"#"Северо-запад р-н"#1#10000#5#10#"None"#"8(351)223-36-44"#"61.331928 55.190637"
"Хохрякова ул, д. 6а"#"Тракторозаводской р-н"#1#10000#4#10#"интернет, лоджия, домофон, железная дверь, отчетные документы, лифт, детская площадка, близость остановки"#"8(951)487-25-25"#"61.483204 55.184032"
"Победы пр-кт, д. 291"#"Северо-запад р-н"#1#10000#5#9#"None"#"8(351)223-36-44"#"61.327535 55.187332"
"Косарева ул, д. 71"#"Северо-запад р-н"#1#10000#4#10#"интернет, мебель, автостоянка, парковка, отчетные документы, лифт, детская площадка, близость остановки"#"8(351)223-36-44"#"61.373215 55.180516"
"Захаренко ул, д. 5а"#"Северо-запад р-н"#1#13000#1#10#"None"#"8(351)223-36-44"#"61.310198 55.197348"
"Ленина пр-кт, д. 23 б"#"Центральный р-н"#1#11000#3#5#"балкон, железная дверь, мебель, бытовая техника, автостоянка, парковка, отчетные документы, детская площадка, близость остановки"#"8(951)487-77-06"#"61.424598 55.159732"
"Красная ул, д. 42"#"Центральный р-н"#2#14000#3#5#"интернет, мебель, бытовая техника, близость остановки"#"8(351)777-64-22"#"61.393400 55.156832"
"Дзержинского ул, д. 99"#"Ленинский р-н"#2#18000#1#5#"интернет, железная дверь, мебель, бытовая техника"#"8(351)777-64-22"#"61.431237 55.131666"
"Кыштымская ул, д. 22"#"Северо-запад р-н"#1#10000#1#5#"железная дверь, мебель, бытовая техника"#"8(351)777-64-22"#"61.391280 55.181462"
"50 лет ВЛКСМ ул, д. 5"#"Металлургический р-н"#3#20000#6#9#"интернет, лоджия, железная дверь, мебель, лифт"#"8(351)777-64-22"#"61.388800 55.245363"
"Зальцмана ул, д. 32"#"Тракторозаводской р-н"#1#10000#5#10#"интернет, лоджия, железная дверь, лифт"#"8(351)777-64-22"#"61.521392 55.167693"
"Володарского ул, д. 13"#"Центральный р-н"#1#12000#4#5#"железная дверь, мебель, бытовая техника, близость остановки"#"8(351)777-64-22"#"61.386366 55.164536"
"Габдуллы Тукая ул, д. 15"#"Северо-запад р-н"#1#13000#10#10#"интернет, лоджия, железная дверь, мебель, бытовая техника, лифт"#"8(351)777-64-22"#"61.277068 55.205748"
"Завалишина ул, д. 4"#"Тракторозаводской р-н"#1#12000#5#10#"интернет, лоджия, железная дверь, мебель, бытовая техника, лифт"#"8(351)777-64-22"#"61.473143 55.185754"
"Овчинникова ул, д. 11а"#"Советский р-н"#1#11000#3#5#"балкон, железная дверь, мебель, бытовая техника, близость остановки"#"8(351)777-64-22"#"61.407656 55.141274"
"Свободы ул, д. 92"#"Центральный р-н"#1#14000#2#5#"интернет, балкон, железная дверь, мебель, бытовая техника, близость остановки"#"8(351)777-64-22"#"61.414429 55.151960"
"Победы пр-кт, д. 151"#"Центральный р-н"#1#11000#3#9#"балкон, мебель, близость остановки"#"8(351)777-64-22"#"61.404260 55.183420"
"Труда ул, д. 28"#"Центральный р-н"#1#14000#9#9#"интернет, лоджия, железная дверь, мебель, бытовая техника, автостоянка, парковка, отчетные документы, лифт, близость остановки"#"8(351)777-64-22"#"61.422829 55.168676"
"Труда ул, д. 3"#"Центральный р-н"#2#17000#4#5#"балкон, железная дверь, мебель, бытовая техника, детская площадка"#"8(351)777-64-22"#"61.426350 55.167354"
"Зальцмана ул, д. 14"#"Тракторозаводской р-н"#1#10000#5#10#"интернет, лоджия, железная дверь, лифт"#"8(351)777-64-22"#"61.529162 55.170213"
"3 Интернационала ул, д. 128а"#"Центральный р-н"#2#22000#5#5#"балкон, железная дверь, мебель, бытовая техника, отчетные документы, близость остановки"#"8(351)777-64-22"#"61.420170 55.159722"
"Советская ул"#"Центральный р-н"#1#12000#3#6#"интернет, сигнализация, лоджия, домофон, железная дверь, мебель, бытовая техника, автостоянка, парковка, лифт, детская площадка, близость остановки"#"8(951)250-19-25"#"61.406255 55.164315"
"Котина ул, д. 7а"#"Тракторозаводской р-н"#2#12500#7#9#"железная дверь, мебель, бытовая техника, отчетные документы, лифт"#"8(951)778-31-66"#"61.453335 55.176799"
"Комсомольская ул, д. 11"#"Советский р-н"#2#13000#5#5#"интернет, балкон, железная дверь, мебель, бытовая техника, близость остановки"#"8(351)777-64-22"#"61.411079 55.145288"
"Энергетиков ул, д. 11"#"Ленинский р-н"#3#30000#2#3#"интернет, балкон, железная дверь, мебель, бытовая техника"#"8(351)777-64-22"#"61.469092 55.127909"
"Молодогвардейцев ул, д. 35"#"Северо-запад р-н"#1#13000#6#9#"железная дверь, мебель, бытовая техника, лифт"#"8(351)777-64-22"#"61.334111 55.186998"
"Чичерина ул, д. 29"#"Северо-запад р-н"#1#10000#8#9#"интернет, балкон, железная дверь, мебель, бытовая техника, лифт, детская площадка, близость остановки"#"8(351)777-64-22"#"61.297567 55.179324"
"Художника Русакова ул, д. 5б"#"Северо-запад р-н"#1#13000#8#10#"интернет, лоджия, железная дверь, мебель, бытовая техника, лифт, детская площадка"#"8(351)777-64-22"#"61.338710 55.183698"
"Молодогвардейцев ул, д. 32"#"Северо-запад р-н"#1#16000#4#16#"интернет, лоджия, мебель, бытовая техника, лифт, консьерж, близость остановки"#"8(351)777-64-22"#"61.331901 55.195020"
"Комсомольский пр-кт, д. 41д"#"Северо-запад р-н"#2#30000#4#10#"интернет, сигнализация, лоджия, домофон, железная дверь, мебель, бытовая техника, автостоянка, парковка, лифт, детская площадка, подземная парковка, консьерж, закрытая территория, близость остановки"#"8(351)777-64-22"#"61.339501 55.191264"
"Энгельса ул, д. 52"#"Центральный р-н"#2#12000#4#5#"балкон, железная дверь, мебель"#"8(351)777-64-22"#"61.379979 55.149563"
"Героев Танкограда ул, д. 90"#"Тракторозаводской р-н"#2#12000#1#2#"мебель"#"8(351)777-64-22"#"61.446957 55.179077"
"Вязовая ул, д. 31"#"Тракторозаводской р-н"#1#10000#9#9#"балкон, железная дверь, мебель"#"8(351)777-64-22"#"61.474859 55.189352"
"Ворошилова ул, д. 14а"#"Северо-запад р-н"#1#15000#6#9#"интернет, лоджия, железная дверь, мебель, бытовая техника, лифт, близость остановки"#"8(351)777-64-22"#"61.320241 55.195858"
"АМЗ п, Наташи Ковшовой ул, д. 11"#"Советский р-н"#3#26000#2#10#"интернет, лоджия, железная дверь, мебель, бытовая техника, автостоянка, парковка, отчетные документы, лифт"#"8(351)777-64-22"#"61.349149 55.117715"
"Культуры ул, д. 61"#"Тракторозаводской р-н"#1#13000#3#9#"интернет, лоджия, железная дверь, мебель, бытовая техника, лифт"#"8(351)777-64-22"#"61.439645 55.183400"
"Красного Урала ул, д. 15"#"Северо-запад р-н"#1#14000#7#9#"интернет, балкон, железная дверь, мебель, бытовая техника, лифт, близость остановки"#"8(351)777-64-22"#"61.355581 55.195262"
"Победы пр-кт, д. 293"#"Северо-запад р-н"#1#11000#3#9#"интернет, балкон, железная дверь, мебель, бытовая техника"#"8(351)777-64-22"#"61.324140 55.188406"
"60 лет Октября ул, д. 6"#"Металлургический р-н"#1#10000#5#5#"интернет, балкон, автостоянка, парковка, детская площадка"#"8(951)772-65-86"#"61.400290 55.264650"
"Двинская ул, д. 21"#"Северо-запад р-н"#1#13000#3#10#"интернет, лоджия, мебель, лифт, детская площадка, близость остановки"#"8(351)777-64-22"#"61.344855 55.181010"
"Горького ул, д. 57"#"Тракторозаводской р-н"#2#18500#4#4#"балкон, мебель, бытовая техника, близость остановки"#"8(351)777-64-22"#"61.436393 55.178573"
"Победы пр-кт, д. 317а"#"Северо-запад р-н"#1#12000#6#9#"интернет, сигнализация, балкон, лоджия, домофон, железная дверь, мебель, бытовая техника, автостоянка, парковка, лифт, детская площадка, близость остановки"#"8(951)809-02-83"#"61.298870 55.183914"
"Пети Калмыкова ул, д. 25"#"Металлургический р-н"#1#9000#1#5#"None"#"8(951)123-63-69"#"61.375029 55.237633"
"Краснопольский пр-кт, д. 7а (Парковый)"#"Северо-запад р-н"#1#10000#3#10#"балкон, железная дверь, автостоянка, парковка, лифт, детская площадка"#"8(904)979-95-19"#"61.297594 55.208358"
"Воровского ул, д. 79"#"Центральный р-н"#2#12000#5#9#"интернет, домофон, железная дверь, мебель, бытовая техника, автостоянка, парковка, лифт, детская площадка, близость остановки"#"8(965)853-93-36"#"61.375972 55.139859"
"Братьев Кашириных ул, д. 97 (Каширинский рынок)"#"Северо-запад р-н"#1#12000#6#9#"телефон, интернет, сигнализация, балкон, домофон, железная дверь, мебель, бытовая техника, отчетные документы, лифт, детская площадка, близость остановки"#"8(906)894-72-36"#"61.350505 55.178105"
"Гагарина ул, д. 17"#"Ленинский р-н"#1#13000#2#4#"интернет, железная дверь, мебель, бытовая техника"#"8(900)023-09-48"#"61.441460 55.138897"
"Металлургов ш, д. 47а"#"Металлургический р-н"#1#10000#2#5#"None"#"8(951)123-63-69"#"61.372918 55.243859"
"Комсомольская ул, д. 16а"#"Центральный р-н"#2#16000#8#10#"балкон, железная дверь, мебель, бытовая техника, автостоянка, парковка, лифт, детская площадка, близость остановки"#"8(904)979-95-19"#"61.409327 55.145663"
"Академика Королева ул, д. 14"#"Центральный р-н"#1#10500#5#10#"интернет, балкон, домофон, железная дверь, мебель, бытовая техника, автостоянка, парковка, отчетные документы, лифт, детская площадка, близость остановки"#"8(950)723-39-57"#"61.299050 55.164629"
"Краснофлотская ул, д. 65"#"Тракторозаводской р-н"#2#20000#4#10#"None"#"8(951)123-63-69"#"61.464070 55.177442"
"40 лет Победы ул, д. 15"#"Северо-запад р-н"#3#15000#1#9#"интернет, лоджия, железная дверь, мебель, бытовая техника, лифт, детская площадка, близость остановки"#"8(951)123-63-69"#"61.295483 55.189264"
"Гагарина ул, д. 35"#"Ленинский р-н"#1#9000#1#5#"None"#"8(951)123-63-69"#"61.435180 55.128794"
"Победы пр-кт, д. 378 а"#"Северо-запад р-н"#2#15000#4#10#"None"#"8(951)123-63-69"#"61.301628 55.188673"
"Дегтярева ул, д. 1"#"Металлургический р-н"#1#10000#2#2#"None"#"8(951)123-63-69"#"61.396688 55.274000"
"Захаренко ул, д. 9"#"Северо-запад р-н"#1#13000#4#10#"None"#"8(951)123-63-69"#"61.307709 55.198103"
"Богдана Хмельницкого ул, д. 36"#"Металлургический р-н"#1#10000#2#9#"None"#"8(951)123-63-69"#"61.369621 55.258576"
"Свободы ул, д. 151"#"Советский р-н"#2#14000#4#5#"None"#"8(951)123-63-69"#"61.414304 55.155263"
"Дегтярева ул, д. 78"#"Металлургический р-н"#1#8000#1#2#"None"#"8(912)404-98-62"#"61.396697 55.251403"
"Артиллерийская ул, д. 104"#"Тракторозаводской р-н"#1#9000#3#5#"интернет, балкон, домофон, железная дверь, мебель, бытовая техника, автостоянка, парковка, детская площадка, близость остановки"#"8(900)023-13-40"#"61.429782 55.176049"
"Марченко ул, д. 2"#"Тракторозаводской р-н"#1#15000#8#10#"None"#"8(951)123-63-69"#"61.465175 55.174928"
"40 лет Победы ул, д. 16 а"#"Северо-запад р-н"#2#15000#5#10#"None"#"8(951)123-63-69"#"61.295798 55.187656"
"Крупской ул, д. 23а"#"Советский р-н"#2#16000#7#10#"None"#"8(951)123-63-69"#"61.387255 55.146831"
"40 лет Победы ул, д. 33б"#"Северо-запад р-н"#1#13000#5#10#"None"#"8(951)123-63-69"#"61.304970 55.183318"
"Дзержинского ул, д. 101 а"#"Ленинский р-н"#2#16000#1#5#"None"#"8(951)123-63-69"#"61.429314 55.130348"
"Сталеваров ул, д. 94"#"Металлургический р-н"#1#12000#5#10#"None"#"8(951)123-63-69"#"61.402347 55.241791"
"Свердловский пр-кт, д. 46"#"Центральный р-н"#2#20000#4#5#"None"#"8(951)123-63-69"#"61.387677 55.166320"
"Тимирязева ул, д. 29"#"Центральный р-н"#2#20000#2#3#"None"#"8(951)123-63-69"#"61.407926 55.157526"
"Болейко ул, д. 4"#"Центральный р-н"#1#15000#5#9#"None"#"8(951)123-63-69"#"61.402554 55.188571"
"Победы пр-кт, д. 121а"#"Тракторозаводской р-н"#1#11000#5#5#"интернет, домофон, железная дверь, мебель, бытовая техника, автостоянка, парковка, детская площадка, близость остановки"#"8(904)818-96-25"#"61.429413 55.184788"
"Комсомольский пр-кт, д. 83 (Теорема)"#"Северо-запад р-н"#1#12000#4#9#"интернет, домофон, железная дверь, мебель, бытовая техника, автостоянка, парковка, лифт, детская площадка, близость остановки"#"8(904)818-96-25"#"61.311833 55.194070"
"Чичерина ул, д. 32б"#"Северо-запад р-н"#1#11000#2#10#"железная дверь, мебель, бытовая техника, отчетные документы, лифт"#"8(951)778-31-66"#"61.291773 55.178563"
"Комсомольский пр-кт, д. 41а (Гостиница Виктория)"#"Северо-запад р-н"#1#6000#1#5#"интернет, домофон, железная дверь, мебель, бытовая техника, автостоянка, парковка, отчетные документы, лифт, детская площадка, закрытая территория, близость остановки"#"8(919)320-36-66"#"61.339294 55.193145"
"Трашутина ул, д. 21"#"Тракторозаводской р-н"#1#12000#6#10#"интернет, балкон, домофон, железная дверь, мебель, бытовая техника, автостоянка, парковка, отчетные документы, лифт, детская площадка, близость остановки"#"8(919)320-36-66"#"61.527788 55.171221"
"Чайковского ул, д. 56а (Каширинский рынок)"#"Северо-запад р-н"#1#12000#9#10#"интернет, балкон, домофон, железная дверь, мебель, бытовая техника, автостоянка, парковка, лифт, детская площадка, близость остановки"#"8(919)320-36-66"#"61.349553 55.180388"
"Победы пр-кт, д. 166в"#"Северо-запад р-н"#1#12000#4#9#"интернет, балкон, домофон, железная дверь, мебель, бытовая техника, автостоянка, парковка, отчетные документы, лифт, детская площадка, близость остановки"#"8(919)320-36-66"#"61.401107 55.186412"
"Комсомольский пр-кт, д. 80б (Теорема)"#"Северо-запад р-н"#1#12000#8#10#"None"#"8(919)320-36-66"#"61.309201 55.196788"
"Зальцмана ул, д. 14 Чурилов"#"Тракторозаводской р-н"#1#13000#6#10#"интернет, лоджия, домофон, железная дверь, мебель, бытовая техника, автостоянка, парковка, отчетные документы, лифт, детская площадка, близость остановки"#"8(919)320-36-66"#"61.529162 55.170213"
"Бажова ул, д. 24"#"Тракторозаводской р-н"#1#12000#3#5#"интернет, балкон, домофон, железная дверь, мебель, бытовая техника, автостоянка, парковка, отчетные документы, детская площадка, близость остановки"#"8(919)320-36-66"#"61.459606 55.186854"
"Чичерина ул, д. 32а (магазин Прииск)"#"Северо-запад р-н"#3#20000#4#10#"None"#"8(919)320-36-66"#"61.292914 55.179041"
"Ленина пр-кт, д. 21"#"Центральный р-н"#1#12000#2#5#"интернет, балкон, железная дверь, мебель, бытовая техника, автостоянка, парковка, отчетные документы, близость остановки"#"8(919)320-36-66"#"61.424958 55.160375"
"Захаренко ул, д. 9 Фокус (Теорема)"#"Северо-запад р-н"#1#13500#4#10#"интернет, балкон, домофон, железная дверь, мебель, бытовая техника, автостоянка, парковка, отчетные документы, лифт, детская площадка, близость остановки"#"8(919)320-36-66"#"61.307709 55.198103"
"Бейвеля ул, д. 29"#"Северо-запад р-н"#1#14000#5#10#"None"#"8(919)320-36-66"#"61.282494 55.203945"
"50 лет ВЛКСМ ул, д. 27 (Юридический техникум)"#"Металлургический р-н"#1#12000#6#10#"None"#"8(919)320-36-66"#"61.382368 55.239265"
"Чайковского ул, д. 2 (перекресток с Куйбышева)"#"Северо-запад р-н"#1#11000#4#5#"None"#"8(919)320-36-66"#"61.361878 55.196726"
"Телевизионная ул, д. 6 (Ж/д вокзал)"#"Советский р-н"#2#15000#3#5#"None"#"8(919)320-36-66"#"61.406515 55.150031"
"Техникумовская ул, д. 38"#"Центральный р-н"#1#11500#2#3#"None"#"8(919)320-36-66"#"61.387992 55.141902"
"Копейское ш, д. 60"#"Ленинский р-н"#2#8000#3#5#"интернет, железная дверь, мебель, бытовая техника, автостоянка, парковка, отчетные документы"#"8(919)320-36-66"#"61.444191 55.151729"
"Комсомольский пр-кт, д. 79 Фокус (Теорема)"#"Северо-запад р-н"#1#14000#5#5#"интернет, балкон, домофон, железная дверь, мебель, бытовая техника, автостоянка, парковка, отчетные документы, детская площадка, близость остановки"#"8(919)320-36-66"#"61.312309 55.192338"
"Кыштымская ул, д. 20а"#"Северо-запад р-н"#1#10000#1#5#"балкон, домофон, железная дверь, мебель, бытовая техника, автостоянка, парковка, отчетные документы, детская площадка, близость остановки"#"8(919)320-36-66"#"61.390345 55.182279"
"Победы пр-кт, д. 305"#"Северо-запад р-н"#1#12000#5#10#"интернет, балкон, домофон, железная дверь, мебель, бытовая техника, автостоянка, парковка, отчетные документы, лифт, детская площадка, близость остановки"#"8(919)320-36-66"#"61.310701 55.188062"
"Ржевская ул, д. 33"#"Тракторозаводской р-н"#1#6000#7#10#"интернет, балкон, домофон, железная дверь, мебель, автостоянка, парковка, отчетные документы, лифт, детская площадка, близость остановки"#"8(919)320-36-66"#"61.470574 55.186941"
"Пионерская ул, д. 5"#"Северо-запад р-н"#1#11000#3#5#"интернет, балкон, домофон, железная дверь, мебель, бытовая техника, автостоянка, парковка, отчетные документы, детская площадка, близость остановки"#"8(919)320-36-66"#"61.349158 55.192245"
"Захаренко ул, д. 5а Фокус (Теорема)"#"Северо-запад р-н"#1#10000#10#10#"интернет, домофон, железная дверь, бытовая техника, автостоянка, парковка, отчетные документы, детская площадка, близость остановки"#"8(919)320-36-66"#"61.310198 55.197348"
"Техникумовская ул, д. 34"#"Советский р-н"#1#12000#1#5#"интернет, железная дверь, мебель, бытовая техника, автостоянка, парковка, отчетные документы, детская площадка, близость остановки"#"8(919)320-36-66"#"61.389555 55.141037"
"Болейко ул, д. 4бТеплотех"#"Северо-запад р-н"#2#18000#3#10#"None"#"8(919)320-36-66"#"61.402554 55.188571"
"Машиностроителей ул, д. 12"#"Ленинский р-н"#1#10000#1#9#"интернет, балкон, домофон, железная дверь, мебель, бытовая техника, автостоянка, парковка, детская площадка, закрытая территория, близость остановки"#"8(919)320-36-66"#"61.471760 55.123538"
"3 Интернационала ул, д. 111"#"Центральный р-н"#1#12000#4#4#"интернет, балкон, домофон, железная дверь, мебель, автостоянка, парковка, отчетные документы, детская площадка, близость остановки"#"8(919)320-36-66"#"61.421661 55.164058"
"Лескова ул, д. 4"#"Ленинский р-н"#1#10000#4#5#"None"#"8(919)320-36-66"#"61.475820 55.107432"
"Солнечная ул, д. 18б Фиеста (Теорема)"#"Северо-запад р-н"#1#10000#8#9#"интернет, балкон, домофон, автостоянка, парковка, отчетные документы, лифт, детская площадка, близость остановки"#"8(919)320-36-66"#"61.314914 55.201387"
"Каслинская ул, д. 56"#"Северо-запад р-н"#2#15000#2#5#"интернет, балкон, домофон, железная дверь, мебель, бытовая техника, автостоянка, парковка, отчетные документы, детская площадка, близость остановки"#"8(919)320-36-66"#"61.394217 55.178444"
"Двинская ул, д. 21 (Каширинский рынок)"#"Северо-запад р-н"#1#13000#3#10#"интернет, балкон, железная дверь, автостоянка, парковка, отчетные документы, лифт, детская площадка, близость остановки"#"8(919)320-36-66"#"61.344855 55.181010"
"Каслинская ул, д. 99а"#"Центральный р-н"#3#36000#2#7#"None"#"8(919)320-36-66"#"61.396211 55.175601"
"Володарского ул, д. 30 срочно"#"Центральный р-н"#2#12000#1#5#"None"#"8(919)320-36-66"#"61.385971 55.161147"
"Воровского ул, д. 7"#"Центральный р-н"#1#11000#5#5#"None"#"8(919)320-36-66"#"61.396724 55.156127"
"Российская ул, д. 218"#"Советский р-н"#1#11000#2#5#"интернет, балкон, домофон, железная дверь, мебель, бытовая техника, отчетные документы"#"8(950)723-42-07"#"61.416495 55.157819"
"Подольская ул, д. 40"#"Тракторозаводской р-н"#4#20000#4#10#"интернет, домофон, железная дверь, мебель, бытовая техника, автостоянка, парковка, лифт, близость остановки"#"8(951)250-20-90"#"61.451638 55.180331"
"Кулибина ул, д. 21"#"Тракторозаводской р-н"#2#13000#6#10#"железная дверь, мебель, бытовая техника, отчетные документы, лифт"#"8(951)778-31-66"#"61.465202 55.174964"
"Елькина ул, д. 80а"#"Центральный р-н"#3#20000#5#10#"интернет, лоджия, домофон, железная дверь, мебель, бытовая техника, автостоянка, парковка, лифт, детская площадка, близость остановки"#"8(951)250-20-90"#"61.397397 55.153982"
"Братьев Кашириных ул, д. 107"#"Северо-запад р-н"#1#11000#4#10#"интернет, балкон, домофон, железная дверь, мебель, бытовая техника, автостоянка, парковка, отчетные документы, лифт, детская площадка, близость остановки"#"8(950)723-39-57"#"61.334362 55.178023"
"МОПРа пл, д. 2"#"Центральный р-н"#1#8500#2#5#"интернет, балкон, домофон, железная дверь, отчетные документы"#"8(912)896-88-81"#"61.420664 55.164551"
"Профессора Благих ул, д. 59"#"Северо-запад р-н"#2#13000#2#10#"интернет, лоджия, домофон, железная дверь, 2 санузла и более, бытовая техника"#"8(912)896-88-81"#"61.303523 55.214953"
"40 лет Победы ул, д. 33"#"Северо-запад р-н"#1#9000#5#10#"None"#"8(912)896-88-81"#"61.300361 55.185024"
"Молодогвардейцев ул, д. 32"#"Северо-запад р-н"#3#25000#3#10#"None"#"8(912)896-88-81"#"61.331901 55.195020"
"Чайковского ул, д. 70"#"Северо-запад р-н"#3#12000#5#9#"None"#"8(912)896-88-81"#"61.352805 55.176367"
"Победы пр-кт, д. 166г"#"Северо-запад р-н"#2#16000#1#10#"телефон, лоджия, домофон, железная дверь, мебель, бытовая техника, лифт, близость остановки"#"8(909)069-03-14"#"61.400047 55.186273"
"Каслинская ул, д. 52"#"Центральный р-н"#1#10000#2#5#"интернет, балкон, домофон, железная дверь, мебель, бытовая техника, автостоянка, парковка, детская площадка, близость остановки"#"8(900)023-13-40"#"61.394056 55.180747"
"Кирова ул, д. 2"#"Центральный р-н"#1#12000#2#5#"интернет, балкон, домофон, мебель, бытовая техника, близость остановки"#"8(904)971-36-34"#"61.398403 55.182768"
"Залесье п, Залесье ул, д. 4"#"Северо-запад р-н"#1#8000#3#3#"балкон, домофон, железная дверь, мебель, бытовая техника, автостоянка, парковка, отчетные документы, детская площадка, близость остановки"#"8(952)527-40-69"#"61.268893 55.132670"
"Краснопольский пр-кт, д. 1г"#"Северо-запад р-н"#1#10500#2#10#"железная дверь, мебель, бытовая техника, отчетные документы, лифт"#"8(951)778-31-66"#"61.306551 55.207146"
"40 лет Победы ул, д. 24"#"Северо-запад р-н"#1#10000#8#9#"None"#"8(908)053-53-85"#"61.301197 55.183719"
"Металлургов ш, д. 61"#"Металлургический р-н"#2#10000#3#5#"балкон, домофон, железная дверь, мебель, бытовая техника, автостоянка, парковка, отчетные документы, детская площадка, близость остановки"#"8(952)527-40-69"#"61.365381 55.243546"
"Дегтярева ул, д. 31 с мебел"#"Металлургический р-н"#2#11000#1#5#"интернет, домофон, железная дверь, мебель, бытовая техника, автостоянка, парковка, отчетные документы, детская площадка, близость остановки"#"8(951)487-94-30"#"61.398179 55.266502"
"Академика Сахарова ул, д. 30 (Тополиная аллея)"#"Северо-запад р-н"#1#11500#5#10#"интернет, лоджия, железная дверь, мебель, автостоянка, парковка, отчетные документы, лифт, детская площадка, близость остановки"#"8(951)487-94-30"#"61.289743 55.160926"
"Первого Спутника ул, д. 19"#"Металлургический р-н"#2#12000#2#5#"балкон, домофон, железная дверь, мебель, бытовая техника, автостоянка, парковка, отчетные документы, лифт, детская площадка, близость остановки"#"8(951)487-94-30"#"61.384749 55.259541"
"250 лет Челябинску ул, д. 13"#"Северо-запад р-н"#1#10000#4#10#"железная дверь, мебель, бытовая техника, автостоянка, парковка, отчетные документы, лифт, детская площадка, близость остановки"#"8(951)487-94-30"#"61.304467 55.180285"
"Первого Спутника ул, д. 27"#"Металлургический р-н"#1#9000#1#5#"железная дверь, мебель, бытовая техника, автостоянка, парковка, отчетные документы, детская площадка, близость остановки"#"8(951)487-94-30"#"61.381111 55.259474"
"Мира ул, д. 7"#"Металлургический р-н"#1#8500#3#3#"железная дверь, мебель, бытовая техника, автостоянка, парковка, отчетные документы, детская площадка, близость остановки"#"8(951)487-94-30"#"61.400029 55.254359"
"Липецкая ул, д. 2"#"Металлургический р-н"#2#12000#2#5#"железная дверь, мебель, бытовая техника, автостоянка, парковка, отчетные документы, детская площадка, близость остановки"#"8(951)487-94-30"#"61.384794 55.259510"
"Шагольская ул, д. 2"#"Северо-запад р-н"#1#13000#5#5#"железная дверь, мебель, бытовая техника, автостоянка, парковка, отчетные документы, детская площадка, близость остановки"#"8(951)487-94-30"#"61.300119 55.234984"
"Пятницкого ул, д. 6 (Михеевский рынок)"#"Металлургический р-н"#1#10000#2#5#"интернет, балкон, железная дверь, мебель, бытовая техника, автостоянка, парковка, отчетные документы, детская площадка, близость остановки"#"8(951)487-94-30"#"61.398745 55.248293"
"Первого Спутника ул, д. 25"#"Металлургический р-н"#1#11000#2#5#"интернет, балкон, железная дверь, мебель, бытовая техника, автостоянка, парковка, отчетные документы, детская площадка, близость остановки"#"8(951)487-94-30"#"61.382324 55.259715"
"Аральская ул, д. 212"#"Металлургический р-н"#1#11000#2#10#"железная дверь, мебель, бытовая техника, автостоянка, парковка, отчетные документы, лифт, детская площадка, близость остановки"#"8(951)487-94-30"#"61.383419 55.236483"
"Челябэнерго ул, д. 2"#"Северо-запад р-н"#2#8000#1#2#"железная дверь, автостоянка, парковка, детская площадка, близость остановки"#"8(951)487-94-30"#"61.286285 55.234656"
"Молодогвардейцев ул, д. 41а"#"Северо-запад р-н"#2#12000#8#9#"телефон, балкон, домофон, железная дверь, мебель, бытовая техника, отчетные документы, детская площадка, близость остановки"#"8(952)527-40-16"#"61.334569 55.183914"
"Академика Макеева ул, д. 7 (Тополиная аллея)"#"Северо-запад р-н"#1#12500#6#10#"интернет, лоджия, домофон, железная дверь, мебель, бытовая техника, автостоянка, парковка, лифт, детская площадка, близость остановки"#"8(351)223-23-77,8(919)123-23-77"#"61.298053 55.166866"
"Лобырина ул, д. 11"#"Северо-запад р-н"#2#12000#7#10#"лоджия, домофон, железная дверь, мебель, бытовая техника, автостоянка, парковка, лифт, детская площадка, близость остановки"#"8(904)813-05-74"#"61.302320 55.214363"
"Молодогвардейцев ул, д. 60"#"Северо-запад р-н"#1#12000#7#10#"интернет, лоджия, домофон, железная дверь, мебель, бытовая техника, автостоянка, парковка, лифт, детская площадка, близость остановки"#"8(951)250-78-37"#"61.332009 55.185101"
"Братьев Кашириных ул, д. 87а (Торговый центр)"#"Северо-запад р-н"#1#13000#3#10#"мебель, бытовая техника"#"8(351)247-36-38,8(922)710-36-38"#"61.368660 55.176810"
"Цинковая ул, д. 5"#"Северо-запад р-н"#2#14000#3#5#"балкон, домофон, железная дверь, мебель, бытовая техника, автостоянка, парковка, детская площадка, близость остановки"#"8(904)813-05-74"#"61.382135 55.189650"
"Овчинникова ул, д. 17"#"Советский р-н"#2#11000#7#10#"интернет, лоджия, домофон, железная дверь, мебель, бытовая техника, автостоянка, парковка, лифт, детская площадка, близость остановки"#"8(951)250-78-37"#"61.405850 55.142591"
"Свердловский пр-кт, д. 58"#"Центральный р-н"#3#18000#2#5#"интернет, домофон, железная дверь, 2 санузла и более, мебель, бытовая техника, автостоянка, парковка, отчетные документы, детская площадка, близость остановки"#"8(952)517-84-39"#"61.388109 55.163590"
"Победы пр-кт, д. 362 (Теорема)"#"Северо-запад р-н"#1#9000#3#9#"интернет, балкон, домофон, железная дверь, мебель, бытовая техника, автостоянка, парковка, отчетные документы, лифт, детская площадка, близость остановки"#"8(952)517-84-39"#"61.313126 55.189485"
"Энтузиастов ул, д. 18"#"Центральный р-н"#2#10000#2#5#"интернет, балкон, домофон, железная дверь, мебель, бытовая техника, автостоянка, парковка, отчетные документы, детская площадка, близость остановки"#"8(912)403-31-87"#"61.375478 55.154167"
"40 лет Победы ул, д. 3 (Александровский)"#"Северо-запад р-н"#1#15000#9#22#"интернет, лоджия, домофон, железная дверь, мебель, бытовая техника, автостоянка, парковка, лифт, детская площадка, близость остановки"#"8(351)223-23-77,8(919)123-23-77"#"61.284677 55.192487"
"Комаровского ул, д. 14а"#"Металлургический р-н"#1#7800#1#2#"сигнализация, 2 санузла и более, мебель, бытовая техника, автостоянка, парковка, детская площадка, консьерж"#"8(908)579-36-79"#"61.371679 55.239363"
"Богдана Хмельницкого ул, д. 42"#"Металлургический р-н"#2#11000#8#10#"интернет, балкон, домофон, железная дверь, мебель, бытовая техника, отчетные документы, лифт, близость остановки"#"8(951)805-81-39"#"61.364420 55.258494"
"Металлургов ш, д. 35б"#"Металлургический р-н"#1#9500#4#9#"мебель, бытовая техника, лифт, близость остановки"#"8(951)778-25-48"#"61.380716 55.245820"
"Кирова ул, д. 13а"#"Северо-запад р-н"#1#10000#4#10#"железная дверь, мебель, бытовая техника, отчетные документы, лифт"#"8(951)778-31-66"#"61.401458 55.176445"
"Художника Русакова ул, д. 5"#"Северо-запад р-н"#1#12300#7#10#"интернет, балкон, домофон, железная дверь, мебель, бытовая техника, автостоянка, парковка, отчетные документы, лифт, детская площадка, близость остановки"#"8(951)461-20-26,8(351)776-18-04"#"61.339968 55.185220"
"Мира ул, д. 27"#"Металлургический р-н"#1#11000#4#10#"лоджия, железная дверь, мебель, бытовая техника, автостоянка, парковка, отчетные документы, лифт, детская площадка, близость остановки"#"8(951)487-94-30"#"61.391962 55.254312"
"Эльтонская 2-я ул, д. 36"#"Тракторозаводской р-н"#1#11000#9#10#"None"#"8(952)527-05-42"#"61.526934 55.170162"
"Комсомольский пр-кт, д. 11"#"Северо-запад р-н"#3#13000#8#10#"балкон, домофон, железная дверь, мебель, бытовая техника, автостоянка, парковка, отчетные документы, лифт, детская площадка, близость остановки"#"8(952)527-40-69"#"61.384030 55.191099"
"Луганская ул, д. 7"#"Советский р-н"#2#15000#2#10#"None"#"8(951)119-37-77,8(909)745-98-78"#"61.398430 55.137337"
"Победы пр-кт, д. 157"#"Северо-запад р-н"#2#15000#1#5#"железная дверь, автостоянка, парковка, детская площадка, близость остановки"#"8(912)314-41-98"#"61.401925 55.182927"
"Салавата Юлаева ул, д. 20"#"Северо-запад р-н"#1#13000#8#10#"None"#"8(950)720-01-26"#"61.276718 55.189722"
"Тухачевского ул, д. 12"#"Ленинский р-н"#1#11000#7#10#"интернет, лоджия, домофон, железная дверь, мебель, бытовая техника, автостоянка, парковка, отчетные документы, лифт, детская площадка"#"8(950)720-01-26"#"61.429629 55.147773"
"Героев Танкограда ул, д. 116"#"Тракторозаводской р-н"#1#10000#9#10#"None"#"8(950)720-01-26"#"61.451979 55.170681"
"Свободы ул, д. 141"#"Центральный р-н"#2#15000#3#5#"None"#"8(950)720-01-26"#"61.412588 55.159383"
"Братьев Кашириных ул, д. 87а"#"Северо-запад р-н"#1#13000#5#10#"None"#"8(950)720-01-26"#"61.368660 55.176810"
"Ленина пр-кт, д. 29"#"Центральный р-н"#2#15000#4#5#"None"#"8(950)720-01-26"#"61.420592 55.160540"
"Шота Руставели ул, д. 3"#"Ленинский р-н"#1#10000#4#10#"None"#"8(912)304-83-31"#"61.444927 55.137579"
"Гагарина ул, д. 6"#"Ленинский р-н"#1#11000#3#4#"None"#"8(950)720-01-26"#"61.440966 55.143765"
"Трашутина ул, д. 35"#"Тракторозаводской р-н"#1#10000#4#10#"интернет, лоджия, домофон, железная дверь, автостоянка, парковка, отчетные документы, лифт, детская площадка, близость остановки"#"8(950)720-01-26"#"61.520925 55.170388"
"Комсомольский пр-кт, д. 9"#"Северо-запад р-н"#1#12000#4#10#"None"#"8(950)720-01-26"#"61.384506 55.191495"
"Зальцмана ул, д. 16"#"Тракторозаводской р-н"#1#10000#2#10#"None"#"8(950)720-01-26"#"61.528803 55.169324"
"Комсомольский пр-кт, д. 41"#"Северо-запад р-н"#1#10000#3#9#"None"#"8(950)720-01-26"#"61.338441 55.194147"
"Академика Сахарова ул, д. 32"#"Северо-запад р-н"#2#15000#4#10#"None"#"8(950)720-01-26"#"61.289743 55.160926"
"Братьев Кашириных ул, д. 85"#"Северо-запад р-н"#1#12000#4#10#"интернет, лоджия, домофон, железная дверь, мебель, бытовая техника, автостоянка, парковка, отчетные документы, лифт, близость остановки"#"8(950)720-01-26"#"61.370340 55.176727"
"Харлова ул, д. 9"#"Ленинский р-н"#1#10500#4#9#"None"#"8(952)528-64-67"#"61.435073 55.148081"
"Металлургов ш, д. 12"#"Металлургический р-н"#1#12000#4#10#"лоджия, домофон, железная дверь, лифт, близость остановки"#"8(952)503-36-13"#"61.398457 55.250715"
"Лесопарковая ул, д. 9"#"Центральный р-н"#2#15000#3#9#"железная дверь, мебель, бытовая техника, отчетные документы, лифт"#"8(951)778-31-66"#"61.366199 55.152768"
"Харлова ул, д. 15"#"Ленинский р-н"#1#11000#1#10#"интернет, балкон, домофон, железная дверь, мебель, бытовая техника, автостоянка, парковка, лифт, детская площадка, близость остановки"#"8(351)223-23-77,8(919)123-23-77"#"61.428910 55.148627"
"Комарова ул, д. 127б"#"Тракторозаводской р-н"#1#12500#2#9#"None"#"8(951)471-51-31"#"61.461573 55.180588"
"Стахановцев ул, д. 116а"#"Ленинский р-н"#2#10000#4#5#"балкон, домофон, железная дверь, автостоянка, парковка, детская площадка"#"8(351)777-02-63"#"61.431201 55.122122"
"Марченко ул, д. 19б"#"Тракторозаводской р-н"#1#10000#1#5#"None"#"8(951)471-51-31"#"61.462849 55.167745"
"Шота Руставели ул, д. 9а"#"Ленинский р-н"#3#14000#7#9#"интернет, балкон, домофон, железная дверь, мебель, бытовая техника, автостоянка, парковка, лифт, детская площадка, близость остановки"#"8(902)613-08-46"#"61.443014 55.137610"
"Дегтярева ул, д. 4"#"Металлургический р-н"#1#10000#2#2#"железная дверь, мебель"#"8(908)573-15-83"#"61.395942 55.273503"
"Отечественная ул, д. 1"#"Ленинский р-н"#2#11000#3#5#"балкон, домофон, железная дверь, мебель, бытовая техника, автостоянка, парковка, детская площадка, близость остановки"#"8(902)613-08-46"#"61.425937 55.137512"
"Шота Руставели ул, д. 6"#"Ленинский р-н"#1#9000#6#9#"железная дверь, мебель, бытовая техника, автостоянка, парковка, отчетные документы, детская площадка, близость остановки"#"8(950)723-49-10"#"61.445673 55.138650"
"Молодогвардейцев ул, д. 75"#"Северо-запад р-н"#1#13000#7#9#"телефон, интернет, лоджия, домофон, железная дверь, бытовая техника, автостоянка, парковка, отчетные документы, лифт, детская площадка, близость остановки"#"8(951)770-02-65"#"61.336042 55.175026"
"Чебаркульский р-н, Чебаркуль г, Ленина ул, д. 32"#"None"#3#13000#2#3#"None"#"8(912)319-28-75,8(912)319-28-75"#"61.302921 55.154861"
"Пионерская ул, д. 3"#"Северо-запад р-н"#1#11000#2#5#"железная дверь, мебель, бытовая техника, отчетные документы, лифт"#"8(951)778-31-66"#"61.348143 55.193124"
"Хохрякова ул, д. 34"#"Тракторозаводской р-н"#1#13000#5#16#"интернет, балкон, домофон, железная дверь, 2 санузла и более, мебель, бытовая техника, автостоянка, парковка, отчетные документы, лифт, детская площадка, консьерж, близость остановки"#"8(952)502-64-16"#"61.486330 55.173889"
"Кирова ул, д. 5в"#"Центральный р-н"#1#10500#4#10#"балкон, мебель, бытовая техника, лифт, близость остановки"#"8(951)778-25-48"#"61.399922 55.181154"
"Комарова ул, д. 135"#"Тракторозаводской р-н"#2#13000#7#9#"балкон, домофон, железная дверь, мебель, бытовая техника, отчетные документы, лифт"#"8(950)723-42-07"#"61.461573 55.180588"
"Пекинская ул, д. 25в"#"Металлургический р-н"#1#11500#4#10#"балкон, домофон, железная дверь, отчетные документы, лифт, детская площадка, близость остановки"#"8(951)808-67-97"#"61.400146 55.244496"
"Краснопольский пр-кт, д. 9а"#"Северо-запад р-н"#1#10000#7#10#"балкон, домофон, железная дверь, автостоянка, парковка, лифт, детская площадка, близость остановки"#"8(908)829-67-06"#"61.296256 55.208461"
"Дружбы ул, д. 25"#"Металлургический р-н"#1#10000#5#5#"интернет, балкон, домофон, железная дверь, мебель, бытовая техника"#"8(908)576-29-91"#"61.369828 55.249889"
"Пети Калмыкова ул, д. 12"#"Металлургический р-н"#1#17000#1#5#"интернет, домофон, железная дверь, мебель, автостоянка, парковка, отчетные документы, детская площадка, близость остановки"#"8(951)808-67-97"#"61.370888 55.237176"
"Дегтярева ул, д. 41а"#"Металлургический р-н"#1#9000#3#5#"интернет, балкон, домофон, железная дверь, мебель, отчетные документы, детская площадка, близость остановки"#"8(951)808-67-97"#"61.398538 55.263634"
"Дзержинского ул, д. 85"#"Северо-запад р-н"#1#9000#3#5#"интернет, балкон, домофон, мебель, бытовая техника, близость остановки"#"8(950)723-48-02"#"61.439061 55.130631"
"Пети Калмыкова ул, д. 4"#"Металлургический р-н"#1#10000#3#5#"железная дверь, мебель, бытовая техника, автостоянка, парковка, отчетные документы"#"8(950)723-43-55"#"61.366181 55.239676"
"Болейко ул, д. 1"#"Центральный р-н"#1#13000#4#10#"интернет, балкон, домофон, железная дверь, мебель, бытовая техника, автостоянка, парковка, отчетные документы, лифт, близость остановки"#"8(951)461-20-26,8(351)776-18-04"#"61.404898 55.187944"
"Кыштымская ул, д. 20б"#"Центральный р-н"#1#10000#1#5#"домофон, железная дверь, мебель, автостоянка, парковка, отчетные документы, детская площадка, близость остановки"#"8(951)461-20-26,8(351)776-18-04"#"61.389699 55.182156"
"Комарова ул, д. 137"#"Тракторозаводской р-н"#2#10000#4#9#"телефон, интернет, балкон, лоджия, домофон, железная дверь, мебель, бытовая техника, автостоянка, парковка, отчетные документы, лифт, детская площадка, близость остановки"#"8(952)527-40-70"#"61.338216 55.312389"
"Монакова ул, д. 6А"#"Советский р-н"#2#17000#2#5#"интернет, балкон, домофон, железная дверь, мебель, бытовая техника, автостоянка, парковка, отчетные документы, близость остановки"#"8(951)461-20-26,8(351)776-18-04"#"61.407872 55.149511"
"Чайковского ул, д. 70а (Каширинский рынок)"#"Северо-запад р-н"#2#15500#5#9#"интернет, балкон, домофон, железная дверь, мебель, бытовая техника, автостоянка, парковка, отчетные документы, лифт, близость остановки"#"8(951)461-20-26,8(351)776-18-04"#"61.350847 55.176434"
"Академика Сахарова ул, д. 22 (Тополиная аллея)"#"Северо-запад р-н"#2#15000#6#10#"железная дверь, бытовая техника, автостоянка, парковка, отчетные документы, лифт, детская площадка, близость остановки"#"8(951)487-94-30"#"61.290588 55.160195"
"Барбюса ул, д. 144"#"Ленинский р-н"#2#8000#2#5#"телефон, балкон, домофон, железная дверь, бытовая техника, автостоянка, парковка, отчетные документы, детская площадка, близость остановки"#"8(952)527-40-16"#"61.425182 55.127677"
"Дегтярева ул, д. 98"#"Металлургический р-н"#2#14000#3#5#"интернет, балкон, мебель, бытовая техника, близость остановки"#"8(912)085-93-43"#"61.396733 55.244850"
"Университетская Набережная ул, д. 36Б (Каширинский рынок)"#"Северо-запад р-н"#1#14000#4#10#"лоджия, домофон, железная дверь, мебель, бытовая техника, лифт, детская площадка, близость остановки"#"8(919)304-74-44,8(919)304-74-44"#"61.344055 55.176110"
